<?xml version="1.0" encoding="UTF-8"?>
<beans xmlns="http://www.springframework.org/schema/beans"
	xmlns:xsi="http://www.w3.org/2001/XMLSchema-instance"
	xmlns:aop="http://www.springframework.org/schema/aop"
	xmlns:context="http://www.springframework.org/schema/context"
	xmlns:jdbc="http://www.springframework.org/schema/jdbc"
	xmlns:mvc="http://www.springframework.org/schema/mvc"
	xmlns:p="http://www.springframework.org/schema/p"
	xsi:schemaLocation="http://www.springframework.org/schema/beans http://www.springframework.org/schema/beans/spring-beans-4.3.xsd
		http://www.springframework.org/schema/aop http://www.springframework.org/schema/aop/spring-aop-4.3.xsd
		http://www.springframework.org/schema/context http://www.springframework.org/schema/context/spring-context-4.3.xsd
		http://www.springframework.org/schema/jdbc http://www.springframework.org/schema/jdbc/spring-jdbc-4.3.xsd
		http://www.springframework.org/schema/mvc http://www.springframework.org/schema/mvc/spring-mvc-4.3.xsd">

	<bean id="coll" class="com.sarje.comp.MyColl" >
		<constructor-arg>
			<array>
				<value>arr-itm-1</value>
				<value>arr-itm-2</value>
			</array>
		</constructor-arg>
		<constructor-arg>
			<list>
				<value>list-itm-1</value>
				<value>list-itm-2</value>
			</list>
		</constructor-arg>
		<constructor-arg>
			<set>
				<value>set-itm-1</value>
				<value>set-itm-2</value>
			</set>
		</constructor-arg>
		<constructor-arg>
			<map>
				<entry key="map-key-1" value="map-val-1" ></entry>
				<entry key="map-key-2" value="map-val-2" ></entry>
			</map>
		</constructor-arg>
		<constructor-arg>
			<props>
				<prop key="prop-key-1">prop-val-1</prop>
				<prop key="prop-key-2">prop-val-2</prop>
			</props>
		</constructor-arg>
		</bean>
</beans>
